<?xml version="1.0" encoding="UTF-8"?>
<addon id="repository.krypto"
    version="1.0.0"
    name="[COLOR orchid]Krypto's Repo[/COLOR]"
    provider-name="Krypto">
    <requires>
        <import addon="xbmc.addon" version="12.0.0"/>
    </requires>
    <extension point="xbmc.addon.repository" name="[COLOR orchid]Krypto's Repo[/COLOR]">
			<dir minversion="16.0.0" maxversion="18.9.9">
			<info compressed="false">https://raw.githubusercontent.com/kryptoui/repozips/master/_zip/addons.xml</info>
			<checksum>https://raw.githubusercontent.com/kryptoui/repozips/master/_zip/addons.xml.md5</checksum>
			<datadir zip="true">https://raw.githubusercontent.com/kryptoui/repozips/master/_zip/</datadir>
			</dir>
			<dir minversion="18.9.9">
			<info compressed="false">https://raw.githubusercontent.com/kryptoui/repozips/master/matrix/_zip/addons.xml</info>
			<checksum>https://raw.githubusercontent.com/kryptoui/repozips/master/matrix/_zip/addons.xml.md5</checksum>
			<datadir zip="true">https://raw.githubusercontent.com/kryptoui/repozips/master/matrix/_zip/</datadir>
			</dir>
			<dir>
			<info compressed="false">https://raw.githubusercontent.com/teamuniversal/scrapers/master/_modules4all/zips/addons.xml</info>
			<checksum>https://raw.githubusercontent.com/teamuniversal/scrapers/master/_modules4all/zips/addons.xml.md5</checksum>
			<datadir zip="true">https://raw.githubusercontent.com/teamuniversal/scrapers/master/_modules4all/zips/</datadir>
			</dir>
			<dir>
			<info compressed="false">https://raw.githubusercontent.com/dobbelina/repository.dobbelina/master/addons.xml</info>
			<checksum>https://raw.githubusercontent.com/dobbelina/repository.dobbelina/master/addons.xml.md5</checksum>
			<datadir zip="true">https://raw.githubusercontent.com/dobbelina/repository.dobbelina/master/</datadir>
			</dir>
			<dir>
			<info compressed="false">https://raw.githubusercontent.com/a4k-openproject/repository.openscrapers/master/zips/addons.xml</info>
			<checksum>https://raw.githubusercontent.com/a4k-openproject/repository.openscrapers/master/zips/addons.xml.md5</checksum>
			<datadir zip="true">https://raw.githubusercontent.com/a4k-openproject/repository.openscrapers/master/zips/</datadir>
			</dir>
    </extension>
    <extension point="xbmc.addon.metadata">
        <news>First release for Multi-version</news>
        <summary lang="en_GB">Krypto's Kodi repository</summary>
        <description lang="en_GB">This repository is created for distributing my own Kodi plugins. Enjoy!</description>
        <disclaimer lang="en_GB">This repository is non-commercial GPL-3. You may use it as is at your own discretion and risk.
        </disclaimer>
        <assets>
            <icon>icon.png</icon>
            <fanart>fanart.jpg</fanart>
        </assets>
    </extension>
</addon>